signature,timestamp,from,to,amount_sol,depth,path
derNyggH73kPvFr682Nyu4idUxugac62RNLDFbULyFK27UA7nrhftewgxGNSQNeCBCsnrK2qazg9Gg6MTJUWf2d,2026-02-16T13:05:44.000Z,Foym8s46ib3VGRckSWijmQKb9UfcRfuhQqMvHpmN1w21,Dmmq1SX3fwThVeHKyH3Y7ri1ZkqVErvn2iqT76KEWvWm,0.002154079,0,"Foym8s46ib3VGRckSWijmQKb9UfcRfuhQqMvHpmN1w21"
4bq8ebJLVdXacQ2Y5BGv9UNhCJFKe2p1erEfN5kuhjBNc3jbgmTY8fDifNm1CKmdxtYvEvTaq6N2jPPwgvRdax1Y,2026-02-16T13:05:29.000Z,Foym8s46ib3VGRckSWijmQKb9UfcRfuhQqMvHpmN1w21,68PwfUtJxebi74FpMDXuDKSJC87vSqDEdFTuK2uBuTBW,0.002154079,0,"Foym8s46ib3VGRckSWijmQKb9UfcRfuhQqMvHpmN1w21"
356c2etCq6nYEf3S3qMSBv5Kywckd8ZrDevGvkTWEwJgDvTT7FpC3azzc7At9n9rw3HMd1SR1F4CwXEkKe7pENcq,2026-02-14T01:54:13.000Z,Foym8s46ib3VGRckSWijmQKb9UfcRfuhQqMvHpmN1w21,GedU7SaXtkak2nWH2EuwaV6ycMM1zwLK2nbA7bmvhBk4,0.002154079,0,"Foym8s46ib3VGRckSWijmQKb9UfcRfuhQqMvHpmN1w21"
5vTzNXXgqG1ZKx9Eq6dAb3EgaUw5v4gXXjUxXvyaG3geqxBureoyERCs5ZJgfUYALu4prK8CP1mhdYmcZHUW4Lvw,2026-02-13T17:25:39.000Z,Foym8s46ib3VGRckSWijmQKb9UfcRfuhQqMvHpmN1w21,Esxn9xF9iaHydn6QQVSyUCqnzWZAeay9tNPHaVbkUi6j,0.002154079,0,"Foym8s46ib3VGRckSWijmQKb9UfcRfuhQqMvHpmN1w21"
65s7BKsdqq7TFsbkpQcVSy9r4Zi5EK4q2X1YiSuFYcePBUGZTSHJvnU9UFf6ei1Gd4rKeG11u6uo6R921ziwFE8i,2026-02-13T13:10:51.000Z,Foym8s46ib3VGRckSWijmQKb9UfcRfuhQqMvHpmN1w21,2tzUphYzGZRpmEnFjtoC9uWjQcHhiLR8QfzwiMcPSvhb,0.002154079,0,"Foym8s46ib3VGRckSWijmQKb9UfcRfuhQqMvHpmN1w21"
2ArB688AHrtuVkVnPDxkJXttuT3jJpg2QkrMWDuJzB2HPd82DwsDUupf3eyPHAKwfcKWGnXCyxpXj6sGdvCEdwq4,2026-02-11T07:22:21.000Z,Foym8s46ib3VGRckSWijmQKb9UfcRfuhQqMvHpmN1w21,9RNyrKoDXZSAn2VT4MMQeeRRMxW8xCg6XF8ZNe6iRjQT,0.002154079,0,"Foym8s46ib3VGRckSWijmQKb9UfcRfuhQqMvHpmN1w21"
5HkwTFjd3jWAiNdSbkSNi6yc9uic447qx98rFeaEUcFKddHf1atYArjzQpxKLFFJiL3cvuRM7HpfFGvV7aWUZYai,2026-02-11T02:34:46.000Z,BrbRKpkhHMGjnoAMzxj5iZzLskjrfeZrGK9HejZnvVTD,Foym8s46ib3VGRckSWijmQKb9UfcRfuhQqMvHpmN1w21,0.000015000,0,"Foym8s46ib3VGRckSWijmQKb9UfcRfuhQqMvHpmN1w21"
24SvLTAwT5PWs4BDjdfHh89ms4z4E8Fk8PdmEJvMvyDSVEH7LskBf3EnSiPNbqcp1jwHkv55978aCJYzLqSYGrk4,2026-02-11T02:33:54.000Z,Foym8s46ib3VGRckSWijmQKb9UfcRfuhQqMvHpmN1w21,BrbRNVaUePvV62Mu7Bt4EP8vGJrF4i7E5w23H3PnvVTD,0.250080000,0,"Foym8s46ib3VGRckSWijmQKb9UfcRfuhQqMvHpmN1w21"
3qpfFUmvqUtMuqSrV3aMZiRFnNDRWw1kRiomW4MUFqv4QScjXwXrYh7nMHYDDRJisCMBBFAc62d89xVVRdsuZeiH,2026-02-10T04:47:16.000Z,po27vzv7pSZYsroDopmGVVBVAqxg4GcyZXxmCkoejFB,pohJj8FSmifd5V2kpgbzekrnnwZ89LmDg7kEFEu5vuW,0.000105019,0,"Foym8s46ib3VGRckSWijmQKb9UfcRfuhQqMvHpmN1w21"
3qtTE2thy9UpjLhkgVVGtWtPk9jomtuPiSKtni3vfCdHKsLUJAVkRYSxQsRbt1h6SNGgXBgpgLQn4LPAhBNHAszL,2026-02-10T04:44:12.000Z,po27vzv7pSZYsroDopmGVVBVAqxg4GcyZXxmCkoejFB,pohJj8FSmifd5V2kpgbzekrnnwZ89LmDg7kEFEu5vuW,0.000105019,0,"Foym8s46ib3VGRckSWijmQKb9UfcRfuhQqMvHpmN1w21"
2F8dn4QzRzxP6TzySuKKpJcTcaodvvEfuvQkQ57Xa7dabNf8UZWS1J4QEFbzL9WMTkG7rgkJKWC1b7D7ASvgKsHz,2026-02-10T04:42:29.000Z,po27vzv7pSZYsroDopmGVVBVAqxg4GcyZXxmCkoejFB,pohJj8FSmifd5V2kpgbzekrnnwZ89LmDg7kEFEu5vuW,0.000105019,0,"Foym8s46ib3VGRckSWijmQKb9UfcRfuhQqMvHpmN1w21"
3V1sTak5K8gAaLSQNu74nh97wNdJNzH88KePUiy1nrpND9VytHu9Fp2eXg5hnY9R4PeDA2HsJLYRZ95Cf4doLuRt,2026-02-10T04:37:59.000Z,Foym8s46ib3VGRckSWijmQKb9UfcRfuhQqMvHpmN1w21,E8qw4Xd74ryQXe7fDqBeUXVBbLuQMHaNraSsnfbyfVj2,0.582880000,0,"Foym8s46ib3VGRckSWijmQKb9UfcRfuhQqMvHpmN1w21"
2fiaJjaCAXywAeZsrwFv46Z3pLPTUCdGBj6E4jPp8uRjd11WehGxNbhBqAc3dsTcdLELh4iRE5nFfV1NxhxWPsuV,2026-02-10T04:37:28.000Z,Foym8s46ib3VGRckSWijmQKb9UfcRfuhQqMvHpmN1w21,F3oVzbYjNeusmPc5LtgrbWFFUFD9wFi975A3G742Eidq,0.179460000,0,"Foym8s46ib3VGRckSWijmQKb9UfcRfuhQqMvHpmN1w21"
wBYK3Mdixu4vTsWm9Wz4WcfH5aN1Rm3ATMcmDNuFLvqvG4AbbNDs8Qa1PjCTiGqtQPRjk5PAkTtHZRwwd5HysHT,2026-02-10T04:36:05.000Z,Foym8s46ib3VGRckSWijmQKb9UfcRfuhQqMvHpmN1w21,6ANGpigiXR9rkVoPhmwdoKPpSxaDHnvx3EjoYXM9SKed,3.000080000,0,"Foym8s46ib3VGRckSWijmQKb9UfcRfuhQqMvHpmN1w21"
4xfCceZTBQRSbQLJsLVrfp2UVp9ByLPs7crH296taDersWXDZ2uugZfQWqEm6DuG5vqgZr66QE6gsmp8SeQcpQva,2026-02-10T04:35:36.000Z,Foym8s46ib3VGRckSWijmQKb9UfcRfuhQqMvHpmN1w21,7p4ChEwzZtKPucregfJ3DLyEmQh6PXjuKNht87sopM7r,0.552810000,0,"Foym8s46ib3VGRckSWijmQKb9UfcRfuhQqMvHpmN1w21"
3BAbeUK1LCGG6tmaxozGyndkgoM2BFfNjeWXbE4FX2smjtiJtB7ZyCBtGqzcgw6o5XJNhN8bLoYeY9HHnvWh9RXw,2026-02-10T04:34:10.000Z,8gcNuP7zDgcxyPwioepp6iVpE5rVorVST5gXSVVYWrqh,BTQMvyLB9p6VM91YXPLS1bwMP5R7o9Ai5LTGJoCbBYNh,0.000905881,0,"Foym8s46ib3VGRckSWijmQKb9UfcRfuhQqMvHpmN1w21"
3BAbeUK1LCGG6tmaxozGyndkgoM2BFfNjeWXbE4FX2smjtiJtB7ZyCBtGqzcgw6o5XJNhN8bLoYeY9HHnvWh9RXw,2026-02-10T04:34:10.000Z,8gcNuP7zDgcxyPwioepp6iVpE5rVorVST5gXSVVYWrqh,Foym8s46ib3VGRckSWijmQKb9UfcRfuhQqMvHpmN1w21,0.000905881,0,"Foym8s46ib3VGRckSWijmQKb9UfcRfuhQqMvHpmN1w21"
2kighxfyphsLumkZpRTxS9mbWTLZGhqqAVay36N4LYqLeFJFaaM7WSFs4XEhY1T7338R63DUhh5yXjXjzV4FJKRc,2026-02-10T04:33:56.000Z,8gcNRBQLxsKUERa51Hp5Be725wKisP2d9o6XnMKpHFnd,Foym8s46ib3VGRckSWijmQKb9UfcRfuhQqMvHpmN1w21,3.000080000,0,"Foym8s46ib3VGRckSWijmQKb9UfcRfuhQqMvHpmN1w21"
4aPk7MzmRtnDk6FhnaxQ88LcNkhZk3ZXRj2pbHLWghKCafsdovDGSPS2vaMFhZrov7HzPGkMGxXsTZiR3FtRVGWS,2026-02-09T17:18:39.000Z,Foym8s46ib3VGRckSWijmQKb9UfcRfuhQqMvHpmN1w21,8Wkcn58GuDQUDuqnkrWKu22qwddHQsGm1YKVDW5ydqpZ,0.002154079,0,"Foym8s46ib3VGRckSWijmQKb9UfcRfuhQqMvHpmN1w21"
4R3ppBjbq3g2ttrFWd7xJKp4bbQkuq6CXmzjTwMuTvvHoNVfsYZ3dj6DCq3TTUQjvyxxWm6u89jxFXipoNxtKpHm,2026-02-09T17:18:16.000Z,DryJ3M5eKUmQBQ24cqJgBit8CcTXuEKAU9jnipWaFfNd,Foym8s46ib3VGRckSWijmQKb9UfcRfuhQqMvHpmN1w21,1.393620190,0,"Foym8s46ib3VGRckSWijmQKb9UfcRfuhQqMvHpmN1w21"
4oXDKf391DDZU2s7Uj5NSE86XXeobY4o3bVUnVpAJ45iteRaeaDpALqN4iQGfRBWnbBzv7Jiy3Ap2sgTSLxTPr7R,2026-02-09T07:27:56.000Z,pohJj8FSmifd5V2kpgbzekrnnwZ89LmDg7kEFEu5vuW,po27vzv7pSZYsroDopmGVVBVAqxg4GcyZXxmCkoejFB,0.000105019,0,"Foym8s46ib3VGRckSWijmQKb9UfcRfuhQqMvHpmN1w21"
3tksoX7qheWptPCoXhRdfN6PirausT93rWMhb1qkNfn6rx11SiUYM9VwJMgNXbCYcWQDYaGA7vc9GXUvN8ZkmY4o,2026-02-09T07:26:03.000Z,Foym8s46ib3VGRckSWijmQKb9UfcRfuhQqMvHpmN1w21,7p4ChEwzZtKPucregfJ3DLyEmQh6PXjuKNht87sopM7r,0.128972000,0,"Foym8s46ib3VGRckSWijmQKb9UfcRfuhQqMvHpmN1w21"
2M3sGS2RawjwGCL6aVBMbdMN3UYmZrmT3nfvrvBspLTihmJiScJh5ywHSCEAUrUzZDkJLHqUdXKkt3zVKRh9Yjty,2026-02-09T07:11:52.000Z,pohJj8FSmifd5V2kpgbzekrnnwZ89LmDg7kEFEu5vuW,po27vzv7pSZYsroDopmGVVBVAqxg4GcyZXxmCkoejFB,0.000105019,0,"Foym8s46ib3VGRckSWijmQKb9UfcRfuhQqMvHpmN1w21"
Y3SJLnuxZXphG1gepuGZZjtwJj2BRDfFLjmK8fH2Bf5AiYXYZAXqfeVFmspLw7dqrMmwJur1ngPviKvrzDauuQD,2026-02-09T07:10:28.000Z,pohJj8FSmifd5V2kpgbzekrnnwZ89LmDg7kEFEu5vuW,po27vzv7pSZYsroDopmGVVBVAqxg4GcyZXxmCkoejFB,0.000105019,0,"Foym8s46ib3VGRckSWijmQKb9UfcRfuhQqMvHpmN1w21"
4MXnpS2AZR5DgvXFmGs7y1sq6rQUXjKjFXpkP7Yjk8wXEioki8DTNe5qRc2JARCZhmV7owYJnF2s1Zo8A9zNRbgt,2026-02-09T06:58:32.000Z,po27vzv7pSZYsroDopmGVVBVAqxg4GcyZXxmCkoejFB,pohJj8FSmifd5V2kpgbzekrnnwZ89LmDg7kEFEu5vuW,0.000105019,0,"Foym8s46ib3VGRckSWijmQKb9UfcRfuhQqMvHpmN1w21"
2nzMBR33ee6tbBK68X5iVZjNSedko5pmBUM1cAQM4XmavtA7dG9bEXdbioFTyLB6vn4Cud3NGAkeacReEv8oQwDR,2026-02-09T06:53:05.000Z,po27vzv7pSZYsroDopmGVVBVAqxg4GcyZXxmCkoejFB,pohJj8FSmifd5V2kpgbzekrnnwZ89LmDg7kEFEu5vuW,0.000105019,0,"Foym8s46ib3VGRckSWijmQKb9UfcRfuhQqMvHpmN1w21"
3LTSNNsgJVWdKyTPw946Ksh1LXNDQridPC5Mz7Wnf1Qsoq4maT6xXNUrtS9vKCmGAZLP6BKPJroGUU6z4xtLxop6,2026-02-09T06:52:28.000Z,po27vzv7pSZYsroDopmGVVBVAqxg4GcyZXxmCkoejFB,pohJj8FSmifd5V2kpgbzekrnnwZ89LmDg7kEFEu5vuW,0.000105019,0,"Foym8s46ib3VGRckSWijmQKb9UfcRfuhQqMvHpmN1w21"
5SxnPPNr5LnyUT2doyuK5xA7kB9GFZiYpQns2SAecL3bVN8i86XmkUa1Bh5FkBCmMwdNajPvsQFZtZXnoJTpvxVv,2026-02-09T06:51:08.000Z,Foym8s46ib3VGRckSWijmQKb9UfcRfuhQqMvHpmN1w21,7yV8C8So94KSnK3kZUvH1QFFiLkmxYw1XwVusoQrXtkr,12.000080000,0,"Foym8s46ib3VGRckSWijmQKb9UfcRfuhQqMvHpmN1w21"
Ne9hKaLKGReDnEvPJsC3m9W1kmhnHaopuWBx9oatfRfip7A9NMktQUpyP3GPsSQFQoxbW5QyMBqATbBvkrFiQtL,2026-02-09T06:49:52.000Z,Foym8s46ib3VGRckSWijmQKb9UfcRfuhQqMvHpmN1w21,JDrTZEP1QfoFQsqMobeEn1H1BYtBUUy3mVit4gHxnMVy,0.069080000,0,"Foym8s46ib3VGRckSWijmQKb9UfcRfuhQqMvHpmN1w21"
3szQ6aK1gSxikjC149ahPaydhiBAtVShbDhvChCPKJdncUqcQ6D4zDAan5t2tvgc7HBRjsh7W7FT7h22kvbV4A3V,2026-02-09T06:49:12.000Z,Foym8s46ib3VGRckSWijmQKb9UfcRfuhQqMvHpmN1w21,AwLtE2CU2x74SbKgHacnQ7TdmQhqTnbB4TEZh1CDSscg,0.022210000,0,"Foym8s46ib3VGRckSWijmQKb9UfcRfuhQqMvHpmN1w21"
4xhaTgcAFCY244Coy227ypj7Q9hWuRyPRQEzEpnAN2XPG2A1KHe568ryZMe3MgTYs7wXnLYHq77cCmsmc3n51Nb4,2026-02-09T06:48:51.000Z,Foym8s46ib3VGRckSWijmQKb9UfcRfuhQqMvHpmN1w21,HfAGg8W5CDFwZyR7WuPxjkY4Cm5CuyVHFhsALmQEMEwv,0.022680000,0,"Foym8s46ib3VGRckSWijmQKb9UfcRfuhQqMvHpmN1w21"
2nPVRbyXDHGKKSwHtiMSK31WJjk99wDfCtJj3spTKmmAB7U1E2RvC4EPEqQqVha4VyX6AzGXYRmMgBgKCaf1d8Dz,2026-02-09T06:47:58.000Z,Foym8s46ib3VGRckSWijmQKb9UfcRfuhQqMvHpmN1w21,9N5YVrbNaBwHT4rUL1fRZNHSZjo1SdqbAQpwV7c64Zdb,0.015600000,0,"Foym8s46ib3VGRckSWijmQKb9UfcRfuhQqMvHpmN1w21"
ihbVRtGs56S93HymZ3JHKnNxkRwQvWWBYDEnabrhZvvxBANzFMb48UYWFg1ozYhfrf47kgVfkGFhJGNcvpWMF5V,2026-02-09T06:47:27.000Z,Foym8s46ib3VGRckSWijmQKb9UfcRfuhQqMvHpmN1w21,J4iss6UWRUH1AVNzNAWfHtuoiBfhzbFVJiFU7QfQnjyD,0.013749000,0,"Foym8s46ib3VGRckSWijmQKb9UfcRfuhQqMvHpmN1w21"
45MxY8g3NtatAc8P8VpnnryMg6eVfds3tmd1pSY9ZZURxB8PdVW5e63HJ5UjqKKM4gY34ds5Ahp1XEs9xfFDgiMc,2026-02-09T06:46:50.000Z,Foym8s46ib3VGRckSWijmQKb9UfcRfuhQqMvHpmN1w21,BABzKd6JQ1Pv9fWHngoV1ES6Yedn21xXqYZN19ATybf4,0.149580000,0,"Foym8s46ib3VGRckSWijmQKb9UfcRfuhQqMvHpmN1w21"
4R2FyJaQtxZ3gGa1vrR7Yd8PkToHqCKMBg6o36KfM9W5Xhq9fQKZTmZPcr3J9oVsynkxSmGyog8azNk3ZUmGaEbZ,2026-02-09T06:46:14.000Z,Foym8s46ib3VGRckSWijmQKb9UfcRfuhQqMvHpmN1w21,AtwRkCGH84tDN3bEjcY1uL5i83jjcwUmAg9kMAXQ1qKk,0.416880000,0,"Foym8s46ib3VGRckSWijmQKb9UfcRfuhQqMvHpmN1w21"
5AyqfxWQgweN2bZFr45VPuHwJoGQBdewUDGvV5n2QL5byWRCzA4YfQDYByukQCaqvqzE5tpqzey8AJqTsztvucxV,2026-02-09T06:45:22.000Z,Foym8s46ib3VGRckSWijmQKb9UfcRfuhQqMvHpmN1w21,9cSMyJdYmZTP5CRKVJze3oxjWFySvAjY8AyVREmja6Bg,0.018340000,0,"Foym8s46ib3VGRckSWijmQKb9UfcRfuhQqMvHpmN1w21"
2wCU8EUFdidJRgVPVWhZnjfMVGSyvqqL3U5fKAsjuLyzjCWgc9g5sp5jnFxz9cA6hU53joNRjdYxKxK8S7siccDQ,2026-02-09T06:44:30.000Z,Foym8s46ib3VGRckSWijmQKb9UfcRfuhQqMvHpmN1w21,Hhv3g8SXxUcqos1jZ4rFwH1YudQcCh4FxuvhBwSPBQXT,0.042500000,0,"Foym8s46ib3VGRckSWijmQKb9UfcRfuhQqMvHpmN1w21"
2ft4SDNeqrT8TZwALWKPSrjwiT5TSeiBQ15AnR4oxNBS52AEr9NGCupcWdNow2JDsiNDoQtyBzcLruBHCFwgZfGK,2026-02-09T06:41:47.000Z,Foym8s46ib3VGRckSWijmQKb9UfcRfuhQqMvHpmN1w21,7XLkF3gT4dEyYsRdhrpM71mkvMTmpYonWAyVrcBWggPv,0.404380000,0,"Foym8s46ib3VGRckSWijmQKb9UfcRfuhQqMvHpmN1w21"
2GDNcFTAzgLy9W7YEoc9CLV3ChwFAtKAFWEqvLpjhY98U7Kc5PCd88mgbfcjWbYSQhcFc6k8x6g6Vypr6NxECRTT,2026-02-09T06:41:06.000Z,Foym8s46ib3VGRckSWijmQKb9UfcRfuhQqMvHpmN1w21,FxwkMyhEMbxc6YPpvpugPHk2fvcERWCC9mE5sF9XAYTs,0.100180000,0,"Foym8s46ib3VGRckSWijmQKb9UfcRfuhQqMvHpmN1w21"
5bJrmiX2BRC7joG45W7BaK544gy7im8SwatX6st683iEDVGXyN1uToc6ceaSnWiEHmzCrredNRhL12yBv3ygPcUU,2026-02-09T06:40:32.000Z,Foym8s46ib3VGRckSWijmQKb9UfcRfuhQqMvHpmN1w21,Ar4tPXNoqUCBCXyd4s9y9fka3qLWLnRs1JWwdg155SF7,0.672580000,0,"Foym8s46ib3VGRckSWijmQKb9UfcRfuhQqMvHpmN1w21"
M67Z16zkPb9G1hpaL4JNTBwcb6S45rqfY3gD3euteKfe2NeMXHvLSvgy4pyPRqzWxVzc9b6BAmcd8Q2spngekyy,2026-02-09T06:40:00.000Z,Foym8s46ib3VGRckSWijmQKb9UfcRfuhQqMvHpmN1w21,DkGDXzuYGTPehmcpMxeZqqgr727bpQnYSPuxVoHWYM2G,0.512380000,0,"Foym8s46ib3VGRckSWijmQKb9UfcRfuhQqMvHpmN1w21"
3QkXLvSdwozDUvdPyC3ZhhY1casN8snmTfs5W2z5DuBpKfJEzxv6XysEgCooxv3icKBduHCXkfHK4g4iNa3eYoVF,2026-02-09T06:38:53.000Z,Foym8s46ib3VGRckSWijmQKb9UfcRfuhQqMvHpmN1w21,7Q3f9FSNLfCvBdVZEvcLmF2r3BuMRenkXeqfcParAZ7G,0.221380000,0,"Foym8s46ib3VGRckSWijmQKb9UfcRfuhQqMvHpmN1w21"
2ZkXMzfrb7RXYPJPuKfGcy5pBjWe5DPvoQ9xjvu9AMty8u3ez8TqapUTL41NFF2rWTnQghGHwmggcG79CxKALKim,2026-02-09T06:38:15.000Z,Foym8s46ib3VGRckSWijmQKb9UfcRfuhQqMvHpmN1w21,EPTET2znur8mGJtFGRccoohjN2Dd9EgEftXwiF7Lk4mn,0.659780000,0,"Foym8s46ib3VGRckSWijmQKb9UfcRfuhQqMvHpmN1w21"
2VCRa7LcG1UuZLwNtNVyBjhUtfYbZk1Lw9cnrmz1AJt8WKUf2QGzLqHvCnvtNZTrmeXGpfbXYgPGacwPLxccP9Pq,2026-02-09T06:37:48.000Z,Foym8s46ib3VGRckSWijmQKb9UfcRfuhQqMvHpmN1w21,PahPb7FbndN1DKYvg9PseRH2BdJ5PTNkyPffhvMQWVv,0.600280000,0,"Foym8s46ib3VGRckSWijmQKb9UfcRfuhQqMvHpmN1w21"
gxhoPJc9V1yCDk3BG533hakq4iKyNPz4wq64gv13vdNGLKPNJfuWYhFpmVwEFESRyrCJpq5kPDhvfNKLjN836VP,2026-02-09T06:37:06.000Z,po27vzv7pSZYsroDopmGVVBVAqxg4GcyZXxmCkoejFB,pohJj8FSmifd5V2kpgbzekrnnwZ89LmDg7kEFEu5vuW,0.000105019,0,"Foym8s46ib3VGRckSWijmQKb9UfcRfuhQqMvHpmN1w21"
4ABotJpdTRk8ZhxJ5Cy4XaHuUU29hjvzJiRXgkV5GsGvX3oTKXqn6KjtNYvLdmCLKcK2yo7SyAG9Fp9H7zcTegJb,2026-02-09T06:36:23.000Z,Foym8s46ib3VGRckSWijmQKb9UfcRfuhQqMvHpmN1w21,Ak2FHaJiKmNwtn6z9uGSSm4abvVi8rbT7zeNMmSFBsGa,0.078160000,0,"Foym8s46ib3VGRckSWijmQKb9UfcRfuhQqMvHpmN1w21"
4TaQGs22U6fW6QYbyyvbvz7qBfV4fj3WbguQujzWVQioMgWuQNfinjFCYzW9P3DZFHeVhBNYMMweM9Wa6GXzWqe,2026-02-09T06:35:06.000Z,Foym8s46ib3VGRckSWijmQKb9UfcRfuhQqMvHpmN1w21,H7sgX4wEPxDHa7R13DqCmxNMHN9VevPj8N59UmvfE8Sr,0.192580000,0,"Foym8s46ib3VGRckSWijmQKb9UfcRfuhQqMvHpmN1w21"
3XcNyCaSYbT4XrmvnjMLDcm2JEpfE1N84yfXUVAeqCdwqyLticH98dBiZB3LQkaDuMUNjTfWfyBY2rdef72KrVhX,2026-02-09T06:33:27.000Z,Foym8s46ib3VGRckSWijmQKb9UfcRfuhQqMvHpmN1w21,8WocYkTeZBZtzHgTNJGoGFGpffwfDGeWMcXZoeVXSvX6,0.016730000,0,"Foym8s46ib3VGRckSWijmQKb9UfcRfuhQqMvHpmN1w21"
23pxFoMmkCbTwCWCmbjNYvH5dv6ngEJogG44FZ1mdq6BRbkLCsczkvWNDGL3tM6K8yqPqsKNkTqzuvTDMR1cKaZi,2026-02-09T06:32:49.000Z,Foym8s46ib3VGRckSWijmQKb9UfcRfuhQqMvHpmN1w21,5335KqdAZrkom94kXS3X1mDqjv7HudwqA7oPDUHA61ZZ,0.504200000,0,"Foym8s46ib3VGRckSWijmQKb9UfcRfuhQqMvHpmN1w21"
2WBWHk4sw6wKdmvwSPgoKogEPmm8sgEZBVytV7cYaZ2SyZ3peQS1Yo62VJtc5ikyHZegkMkwZpnduzJJxVa4asLs,2026-02-09T06:32:14.000Z,Foym8s46ib3VGRckSWijmQKb9UfcRfuhQqMvHpmN1w21,GAKQwwX3yFGAz8kSLe32dtT7TvNNprjZcR5p1rCqpkaF,0.501080000,0,"Foym8s46ib3VGRckSWijmQKb9UfcRfuhQqMvHpmN1w21"
4MRsx8RYVDtUm2B7EjUvJN8aFQ8t18ttbxNyi5fGrd2xJk4HzUrbKMxZna9zLVn7fDSGiKnT7zFENJvGU6iEfdJ5,2026-02-09T06:31:43.000Z,Foym8s46ib3VGRckSWijmQKb9UfcRfuhQqMvHpmN1w21,7bknJmo6cHXKvaya1dhsdBFVBsLrQYSR1AceoQP2LsSE,0.401280000,0,"Foym8s46ib3VGRckSWijmQKb9UfcRfuhQqMvHpmN1w21"
mXdwzM5Kmj7Qrr6sexd2cqgtm5sqypV3tLumREUaXfgArxWcsbCudzSZZo5dohbx6DWd7RvHRXPtD9ypKYvFhxE,2026-02-09T06:30:53.000Z,Foym8s46ib3VGRckSWijmQKb9UfcRfuhQqMvHpmN1w21,8C7gPAt4ddFHobet4KDRXcTYtK4Ln9vuazK18f9VyHwU,0.031580000,0,"Foym8s46ib3VGRckSWijmQKb9UfcRfuhQqMvHpmN1w21"
6d2kPySMiXUmK4KNKpCH9UaJcjtH9DKNSKLKtLDbuB1JrwSDZDnwQwjCfRLfNkmN9LRbrraLVvMfXEMDhc6z5wk,2026-02-09T06:30:06.000Z,Foym8s46ib3VGRckSWijmQKb9UfcRfuhQqMvHpmN1w21,A1NYouyGFpvGS5J2EsZfRj2xwASAJHUBzWANP32W4Y6q,0.014630000,0,"Foym8s46ib3VGRckSWijmQKb9UfcRfuhQqMvHpmN1w21"
3mK4w1c2GSiLBppFRMWspm7zeg6LyW2Kr9YRBo4p8diXAFQ8jdg4g4YoaybZy9z5WsxekydcZgjjFoaTt2HHok1K,2026-02-09T06:29:33.000Z,Foym8s46ib3VGRckSWijmQKb9UfcRfuhQqMvHpmN1w21,C7q4ZF3xEo14K6DLehq9LRj3EZucV7tEvBGBq43HoqKY,0.020335000,0,"Foym8s46ib3VGRckSWijmQKb9UfcRfuhQqMvHpmN1w21"
4DumWCNxR5Nu9JWFCHFp8yVqCZjs3p7kVx9MjQPCKh1X2dt1riw7Bquf4FbV5xFnRoaQDZyvfjUWkHTaS8mkD3sX,2026-02-09T06:29:09.000Z,Foym8s46ib3VGRckSWijmQKb9UfcRfuhQqMvHpmN1w21,EvGbaR6qiNGoqWE87277jp2mH5vWKCLaXX7uLiBJcsq,0.424300000,0,"Foym8s46ib3VGRckSWijmQKb9UfcRfuhQqMvHpmN1w21"
4VF8aoSo6RWEECpkMRYbWqhHG3dNDhbkqLDa2nu7cEi494dsCeUWEA9amibv9HZHN8AfNTCxCfwvtfsExwEMXRoh,2026-02-09T06:28:34.000Z,Foym8s46ib3VGRckSWijmQKb9UfcRfuhQqMvHpmN1w21,9AdwBpz2hDzcCq3kzRS7L6Q5eFRdftrw6LqYe4xn5GeH,0.804230000,0,"Foym8s46ib3VGRckSWijmQKb9UfcRfuhQqMvHpmN1w21"
5AiU8Gv7JMb9NULC5W1x4kDeK4WrrfRyLgP9ogrBr6TnuMsNzBoTQhpEqCysSJAVpBs7BPrEmmPj3pzM8TMvt4NG,2026-02-09T06:26:51.000Z,Foym8s46ib3VGRckSWijmQKb9UfcRfuhQqMvHpmN1w21,CYak5YxSzGHWQwBQDi55sUDKtuHUnmE4jmaGH5qwBUw3,0.404603000,0,"Foym8s46ib3VGRckSWijmQKb9UfcRfuhQqMvHpmN1w21"
iMKq9UqfozyN9FZB9owXMVctvyuyjbwdbHX2zXVwqM7C5So3AG5URprDxBrE6PvB3wwQVNtPTVzCP4oe22DsNhN,2026-02-09T06:26:19.000Z,Foym8s46ib3VGRckSWijmQKb9UfcRfuhQqMvHpmN1w21,Bk9uP1pyRYD4cVCi7q6U2eaLYYGWuJsk3Dwjy95enfAT,0.362280000,0,"Foym8s46ib3VGRckSWijmQKb9UfcRfuhQqMvHpmN1w21"
668PfBHXB7mAnQNKhCaP542z6LLMfoTYf9BS4xvkAngY8ZhauLTF2UBNACb6cVeNNgWVtehGiT6kuCpFt66UxUqs,2026-02-09T06:25:45.000Z,Foym8s46ib3VGRckSWijmQKb9UfcRfuhQqMvHpmN1w21,7AezYJVLcVS9ynb8JFtPyYYwDoX41J2WQjS32VDoKdCa,1.135100000,0,"Foym8s46ib3VGRckSWijmQKb9UfcRfuhQqMvHpmN1w21"
39M9ykwh4B42T1FAQD33S9Ne2JkQ54tfRCRwQMqtciLsKRfgXi6hfBPxXAzXJTVoZp2MVh229jgFnrnqJfhAS1aW,2026-02-09T06:24:59.000Z,Foym8s46ib3VGRckSWijmQKb9UfcRfuhQqMvHpmN1w21,94HXZkGGiGqAnaWDiU8Ma9MhfNiWJPSmGy93kYpyrmvG,0.113400000,0,"Foym8s46ib3VGRckSWijmQKb9UfcRfuhQqMvHpmN1w21"
3BNBtxpSJ3zpgDc4cYkNt1gV7Gnxq84SojmqhuyXxkHrtukGKCSs1KLbMNDdttvQmPgV67eKb4WYGQTiW3XX8fXh,2026-02-09T06:24:20.000Z,Foym8s46ib3VGRckSWijmQKb9UfcRfuhQqMvHpmN1w21,CTQUNaqmq89NVz7zvfeyXrbiJveMGZU8VNMoHPgdNMeg,0.221380000,0,"Foym8s46ib3VGRckSWijmQKb9UfcRfuhQqMvHpmN1w21"
3BsHpR8u7Jm4NW98qmmMc4qbe43MLWU7DNikyHamBnRiuwRmXu7Hqxfa64sY4n6NFTxeAbYgmeb7Aq4krXp3wsYB,2026-02-09T06:22:58.000Z,Foym8s46ib3VGRckSWijmQKb9UfcRfuhQqMvHpmN1w21,DCEh5F6mYcvde4ABaFPaXEufsaNas26ZjMyB3BqXn8EJ,0.025180000,0,"Foym8s46ib3VGRckSWijmQKb9UfcRfuhQqMvHpmN1w21"
5kq8noYr5X9RKxe9RGPsk2LBH5TcLeCevXAxDKTX5dcD7TrSqzPvdfQnsYBzjJgMwpqaLWkL6oXGhJY2MjYp1FB4,2026-02-09T06:20:34.000Z,Foym8s46ib3VGRckSWijmQKb9UfcRfuhQqMvHpmN1w21,GSbt4mP5Q1qPhvqKeGCsnvvZ2fxJvn7deWEiDBGrmZmK,0.522580000,0,"Foym8s46ib3VGRckSWijmQKb9UfcRfuhQqMvHpmN1w21"
53EkKAHSDyi92LbZgMC1AyCcYkhMEUnbArvpqr9CJcCQSWjPGusPNRfYEYMsYDsgAyCSSKzuEpEdb3WjhcVMw2Xh,2026-02-09T06:19:33.000Z,Foym8s46ib3VGRckSWijmQKb9UfcRfuhQqMvHpmN1w21,EfAnU8MVS4BpXvCkDNhJAPFsp31TrBjnn3ZbV9wF7kdM,0.002154079,0,"Foym8s46ib3VGRckSWijmQKb9UfcRfuhQqMvHpmN1w21"
3FbvE5BUUzZxC2sp8coDoHJZb7McssrpYcR5TypuxniZBUQ7AoSgB5XVLWedAM2ZLHFvP4BTiSi1Z1NArxE4hQJU,2026-02-09T06:19:09.000Z,6bdShxYuTG9d4TuiBykz6uSPLdxwiu7jkadtUzJ2UdVA,Foym8s46ib3VGRckSWijmQKb9UfcRfuhQqMvHpmN1w21,21.711068170,0,"Foym8s46ib3VGRckSWijmQKb9UfcRfuhQqMvHpmN1w21"
5JYdR3wcTaKrsgHRsFDQvsjvdwY482tbLxs8QrdBiz9aidiecs7rHLw7FGWFPQqFzzhxahKeaqLCcsFSeTRgkVTF,2026-02-09T06:14:51.000Z,Foym8s46ib3VGRckSWijmQKb9UfcRfuhQqMvHpmN1w21,GWNSyqep5LF7RvmURB79CmdSUmviB75QP1zYXifJ5LCn,0.213190000,0,"Foym8s46ib3VGRckSWijmQKb9UfcRfuhQqMvHpmN1w21"
2sUMBU1rwFoQJ9BDPU2uQnW7AJ8JUL1WYAVsg4nccEmJB27xcoRG9EH7RcKqizVmEFTPdDTHEscKEzeXUL3akp1b,2026-02-09T06:14:16.000Z,Foym8s46ib3VGRckSWijmQKb9UfcRfuhQqMvHpmN1w21,5tFUqnQxYCv3wijX51i7pf4Tvaa8qM131WFNswKWkHnN,0.051400000,0,"Foym8s46ib3VGRckSWijmQKb9UfcRfuhQqMvHpmN1w21"
4navYu6toRrJwnX9nz56HqMeA6SGmT73iv9opK4a3fo3o6QP9iaRbtdPEfWgPoPksR7DEvrmrFbokhS4WhXiMCxU,2026-02-09T06:12:59.000Z,Foym8s46ib3VGRckSWijmQKb9UfcRfuhQqMvHpmN1w21,2kZviHbkewT3wq1ApFCK8YpSKFRvqLS3b3yoqZN1dwNj,0.012640000,0,"Foym8s46ib3VGRckSWijmQKb9UfcRfuhQqMvHpmN1w21"
2vWq8MyHM3ZkeMpsYiSHc1voQpSocGzCEmxmJ8VXVBkfXo16DAUpTvWmRfrDaB3ihqgTeewhvvyQnJMjxtCRV1Jp,2026-02-09T06:09:25.000Z,Foym8s46ib3VGRckSWijmQKb9UfcRfuhQqMvHpmN1w21,3iiKXdWs72zC4BHCFjTrz4BGxTq4JfxMRdJTR5sTFQ7b,0.030751000,0,"Foym8s46ib3VGRckSWijmQKb9UfcRfuhQqMvHpmN1w21"
G9Yi4MTUMWUXVJG6MB25shk3Tve79p921Rs38xBmuQ3Ljzxa2Fw3n5UnPmtZhwQq4EMPD9gXDYHEEFG9BXibU1X,2026-02-09T06:08:52.000Z,pohJj8FSmifd5V2kpgbzekrnnwZ89LmDg7kEFEu5vuW,po27vzv7pSZYsroDopmGVVBVAqxg4GcyZXxmCkoejFB,0.000105019,0,"Foym8s46ib3VGRckSWijmQKb9UfcRfuhQqMvHpmN1w21"
4btuaMvoSix9j9FipbU6RAtL1WSC4D1RHNLQUbgfJw1AXNHbXU1cgMoKWvpnCUVNvbmQd45hvXnjz6ozqktmtXwv,2026-02-09T06:08:43.000Z,po27vzv7pSZYsroDopmGVVBVAqxg4GcyZXxmCkoejFB,pohJj8FSmifd5V2kpgbzekrnnwZ89LmDg7kEFEu5vuW,0.000105019,0,"Foym8s46ib3VGRckSWijmQKb9UfcRfuhQqMvHpmN1w21"
derNyggH73kPvFr682Nyu4idUxugac62RNLDFbULyFK27UA7nrhftewgxGNSQNeCBCsnrK2qazg9Gg6MTJUWf2d,2026-02-16T13:05:44.000Z,Foym8s46ib3VGRckSWijmQKb9UfcRfuhQqMvHpmN1w21,Dmmq1SX3fwThVeHKyH3Y7ri1ZkqVErvn2iqT76KEWvWm,0.002154079,1,"Foym8s46ib3VGRckSWijmQKb9UfcRfuhQqMvHpmN1w21 → Dmmq1SX3fwThVeHKyH3Y7ri1ZkqVErvn2iqT76KEWvWm"
4bq8ebJLVdXacQ2Y5BGv9UNhCJFKe2p1erEfN5kuhjBNc3jbgmTY8fDifNm1CKmdxtYvEvTaq6N2jPPwgvRdax1Y,2026-02-16T13:05:29.000Z,Foym8s46ib3VGRckSWijmQKb9UfcRfuhQqMvHpmN1w21,68PwfUtJxebi74FpMDXuDKSJC87vSqDEdFTuK2uBuTBW,0.002154079,1,"Foym8s46ib3VGRckSWijmQKb9UfcRfuhQqMvHpmN1w21 → 68PwfUtJxebi74FpMDXuDKSJC87vSqDEdFTuK2uBuTBW"
356c2etCq6nYEf3S3qMSBv5Kywckd8ZrDevGvkTWEwJgDvTT7FpC3azzc7At9n9rw3HMd1SR1F4CwXEkKe7pENcq,2026-02-14T01:54:13.000Z,Foym8s46ib3VGRckSWijmQKb9UfcRfuhQqMvHpmN1w21,GedU7SaXtkak2nWH2EuwaV6ycMM1zwLK2nbA7bmvhBk4,0.002154079,1,"Foym8s46ib3VGRckSWijmQKb9UfcRfuhQqMvHpmN1w21 → GedU7SaXtkak2nWH2EuwaV6ycMM1zwLK2nbA7bmvhBk4"
5vTzNXXgqG1ZKx9Eq6dAb3EgaUw5v4gXXjUxXvyaG3geqxBureoyERCs5ZJgfUYALu4prK8CP1mhdYmcZHUW4Lvw,2026-02-13T17:25:39.000Z,Foym8s46ib3VGRckSWijmQKb9UfcRfuhQqMvHpmN1w21,Esxn9xF9iaHydn6QQVSyUCqnzWZAeay9tNPHaVbkUi6j,0.002154079,1,"Foym8s46ib3VGRckSWijmQKb9UfcRfuhQqMvHpmN1w21 → Esxn9xF9iaHydn6QQVSyUCqnzWZAeay9tNPHaVbkUi6j"
65s7BKsdqq7TFsbkpQcVSy9r4Zi5EK4q2X1YiSuFYcePBUGZTSHJvnU9UFf6ei1Gd4rKeG11u6uo6R921ziwFE8i,2026-02-13T13:10:51.000Z,Foym8s46ib3VGRckSWijmQKb9UfcRfuhQqMvHpmN1w21,2tzUphYzGZRpmEnFjtoC9uWjQcHhiLR8QfzwiMcPSvhb,0.002154079,1,"Foym8s46ib3VGRckSWijmQKb9UfcRfuhQqMvHpmN1w21 → 2tzUphYzGZRpmEnFjtoC9uWjQcHhiLR8QfzwiMcPSvhb"